experiment_id,text_w,voice_w,behaviour_w,structured_w,temporal_w,precision,recall,f1,roc_auc,pr_auc
search_6,0.0,0.0,0.0,1.0,0.0,0.30492424242424243,0.5833333333333334,0.40049751243781095,0.8545445101960678,0.4077392874124179
search_5,0.0,0.0,0.0,0.8,0.19999999999999996,0.30071174377224197,0.6123188405797102,0.4033412887828162,0.8586950814132946,0.40651605409994873
search_11,0.0,0.0,0.2,0.8,0.0,0.2586705202312139,0.6485507246376812,0.36983471074380164,0.8495349442481028,0.40642199089025693
search_10,0.0,0.0,0.2,0.6,0.19999999999999996,0.25225225225225223,0.7101449275362319,0.37226970560303896,0.8510069358830351,0.4041244877003126
search_4,0.0,0.0,0.0,0.6,0.4,0.29605263157894735,0.6521739130434783,0.4072398190045249,0.8583206624476042,0.39962821828062195
search_9,0.0,0.0,0.2,0.4,0.3999999999999999,0.24352941176470588,0.75,0.36767317939609234,0.8418770490306202,0.3886170964897957
search_3,0.0,0.0,0.0,0.4,0.6,0.2823179791976226,0.6884057971014492,0.40042149631190727,0.85468548806882,0.3801007766755372
search_61,0.2,0.0,0.0,0.8,0.0,0.17777777777777778,0.8115942028985508,0.2916666666666667,0.8219420929106964,0.3769982626451016
search_15,0.0,0.0,0.4,0.6,0.0,0.21757770632368703,0.7355072463768116,0.3358147229114971,0.8337711067276696,0.3768452540482001
search_26,0.0,0.2,0.0,0.8,0.0,0.2088888888888889,0.6811594202898551,0.3197278911564626,0.8135005433641087,0.37460078828290977
search_65,0.2,0.0,0.2,0.6,0.0,0.13535911602209943,0.8876811594202898,0.2348993288590604,0.8142956129055826,0.36670199552784133
search_60,0.2,0.0,0.0,0.6,0.19999999999999996,0.16509775524981898,0.8260869565217391,0.2751961375980688,0.8201327817502717,0.36499172681866054
search_14,0.0,0.0,0.4,0.4,0.19999999999999996,0.21083743842364533,0.7753623188405797,0.33152594887683967,0.8250053651498132,0.36158867377803566
search_25,0.0,0.2,0.0,0.6,0.19999999999999996,0.20186335403726707,0.7065217391304348,0.3140096618357488,0.8159536725021233,0.3588267241832872
search_30,0.0,0.2,0.2,0.6,0.0,0.16310975609756098,0.7753623188405797,0.2695214105793451,0.8030687515410537,0.3544516013266924
search_75,0.2,0.2,0.0,0.6,0.0,0.1329479768786127,0.9166666666666666,0.23221661312528682,0.8067096335260222,0.34920575637869805
search_64,0.2,0.0,0.2,0.4,0.19999999999999996,0.12893401015228426,0.9202898550724637,0.22617987533392697,0.8056337497602806,0.3457546706441524
search_2,0.0,0.0,0.0,0.2,0.8,0.26438356164383564,0.6992753623188406,0.3836978131212724,0.8481046181383157,0.34412283230652013
search_59,0.2,0.0,0.0,0.4,0.3999999999999999,0.15551181102362205,0.8586956521739131,0.2633333333333333,0.8093128727066838,0.3378711140141774
search_95,0.4,0.0,0.0,0.6,0.0,0.11540318686624819,0.8659420289855072,0.20366425223689816,0.7797035241043625,0.3334949826192321
search_68,0.2,0.0,0.4,0.4,0.0,0.1102195945945946,0.9456521739130435,0.197428139183056,0.7869578915646146,0.327634299826813
search_8,0.0,0.0,0.2,0.2,0.6,0.22894168466522677,0.7681159420289855,0.3527454242928453,0.8186122754627727,0.3261475428998622
search_24,0.0,0.2,0.0,0.4,0.3999999999999999,0.1924839596700275,0.7608695652173914,0.30724213606437456,0.8100428755376565,0.3240185490333995
search_29,0.0,0.2,0.2,0.4,0.19999999999999996,0.15910676901605025,0.8260869565217391,0.2668227033352838,0.7990819886213163,0.3221599806942011
search_74,0.2,0.2,0.0,0.4,0.19999999999999996,0.12567237163814182,0.9311594202898551,0.2214562688496338,0.798327443083751,0.31509208287222057
search_78,0.2,0.2,0.2,0.4,0.0,0.10618388934092758,0.9456521739130435,0.19092904169714703,0.7927379843474609,0.31224767316709845
search_98,0.4,0.0,0.2,0.4,0.0,0.10136217948717949,0.9166666666666666,0.18253968253968253,0.7630475877373224,0.3107437224553375
search_104,0.4,0.2,0.0,0.4,0.0,0.10146071851559416,0.9311594202898551,0.18298326806692775,0.7769170707651847,0.3092824419975563
search_94,0.4,0.0,0.0,0.4,0.19999999999999996,0.11277853569804457,0.8985507246376812,0.20040404040404042,0.7691764152580294,0.30845180154753854
search_40,0.0,0.4,0.0,0.6,0.0,0.15270164447924825,0.7065217391304348,0.2511268512556343,0.7713578623416709,0.29984576916542566
search_114,0.6,0.0,0.0,0.4,0.0,0.0984540276647681,0.8768115942028986,0.17702999268471104,0.7458425796553518,0.2930100523861685
search_1,0.0,0.0,0.0,0.0,1.0,0.2611036339165545,0.7028985507246377,0.380765456329735,0.8268146763102381,0.2855484369467899
search_84,0.2,0.4,0.0,0.4,0.0,0.11038961038961038,0.9239130434782609,0.19721577726218098,0.7748657571025452,0.284449354249835
baseline,0.25,0.15,0.15,0.25,0.2,0.10401246591351772,0.967391304347826,0.18782975729862822,0.7793639215363962,0.284296923486952
search_33,0.0,0.2,0.4,0.4,0.0,0.1388888888888889,0.8514492753623188,0.23882113821138212,0.7757258933545199,0.2842366773577694
search_63,0.2,0.0,0.2,0.2,0.3999999999999999,0.11889400921658987,0.9347826086956522,0.2109566639411284,0.7791795658566429,0.28374325292519675
search_97,0.4,0.0,0.2,0.2,0.19999999999999996,0.10053722179585571,0.9492753623188406,0.18181818181818182,0.7420647151219603,0.2735807075544147
search_119,0.6,0.2,0.0,0.2,0.0,0.09165186500888099,0.9347826086956522,0.1669362665803947,0.7535683953864277,0.2728249560081751
search_109,0.4,0.4,0.0,0.2,0.0,0.09210996072831132,0.9347826086956522,0.16769580760480987,0.7576824379240752,0.26448927921592386
search_103,0.4,0.2,0.0,0.2,0.19999999999999996,0.0993202416918429,0.9528985507246377,0.179890560875513,0.7564404628183703,0.2618363098014542
search_116,0.6,0.0,0.2,0.2,0.0,0.09506531204644413,0.9492753623188406,0.17282321899736147,0.7229995981845245,0.2610166259438038
search_106,0.4,0.2,0.2,0.2,0.0,0.09146757679180888,0.9710144927536232,0.1671865252651279,0.7548680173145943,0.2608942585734416
search_113,0.6,0.0,0.0,0.2,0.19999999999999996,0.099644128113879,0.9130434782608695,0.17967914438502675,0.7265394555400309,0.2599235063290337
search_39,0.0,0.4,0.0,0.4,0.19999999999999996,0.15162721893491124,0.7427536231884058,0.25184275184275184,0.7684915025159129,0.25913384025920594
search_77,0.2,0.2,0.2,0.2,0.19999999999999996,0.10094517958412098,0.967391304347826,0.1828141047586443,0.7710799019204952,0.2576248053402795
search_43,0.0,0.4,0.2,0.4,0.0,0.1332525741974561,0.7971014492753623,0.2283341982355994,0.7516951590367387,0.25246512893076073
search_123,0.8,0.0,0.0,0.2,0.0,0.09329221279876639,0.8768115942028986,0.1686411149825784,0.7209168926878715,0.2521045046218514
search_58,0.2,0.0,0.0,0.2,0.6,0.13948126801152738,0.8768115942028986,0.24067628045748385,0.7775802946038008,0.2507656153091587
search_28,0.0,0.2,0.2,0.2,0.3999999999999999,0.15143769968051118,0.8586956521739131,0.2574687669744704,0.7763109229884112,0.2491143347749088
search_100,0.4,0.0,0.4,0.2,0.0,0.09140332993544002,0.9746376811594203,0.16713264989127058,0.7294925709797905,0.2446890544408578
search_67,0.2,0.0,0.4,0.2,0.19999999999999996,0.10231660231660232,0.9601449275362319,0.18492672714584787,0.7638221098965325,0.24379187554944415
search_73,0.2,0.2,0.0,0.2,0.3999999999999999,0.11836734693877551,0.9456521739130435,0.21039903264812576,0.77075456836799,0.2394564123519025
search_93,0.4,0.0,0.0,0.2,0.3999999999999999,0.10880829015544041,0.9130434782608695,0.19444444444444445,0.7434385359305223,0.2389650719375479
search_18,0.0,0.0,0.6,0.4,0.0,0.1877486077963405,0.855072463768116,0.30789302022178733,0.8124018291736299,0.23693289129628886
search_49,0.0,0.6,0.0,0.4,0.0,0.13824561403508773,0.7137681159420289,0.23162845385067607,0.742069851967526,0.23429072575229654
search_89,0.2,0.6,0.0,0.2,0.0,0.09750566893424037,0.9347826086956522,0.17659137577002054,0.7497876770499439,0.23396548994849228
search_83,0.2,0.4,0.0,0.2,0.19999999999999996,0.1071719641401793,0.9528985507246377,0.19267399267399268,0.7557110307480159,0.23365243471842603
search_23,0.0,0.2,0.0,0.2,0.6,0.17763157894736842,0.782608695652174,0.289544235924933,0.7906786800361634,0.23272022191424957
search_86,0.2,0.4,0.2,0.2,0.0,0.09331476323119778,0.9710144927536232,0.17026683608640406,0.7490913490954587,0.2316652208946687
search_80,0.2,0.2,0.4,0.2,0.0,0.08830237862495927,0.9818840579710145,0.16203288490284007,0.7512191446809677,0.22570654473383742
search_13,0.0,0.0,0.4,0.2,0.3999999999999999,0.18160190325138778,0.8297101449275363,0.2979830839297333,0.7989387277060904,0.22322156386761013
search_125,0.8,0.2,0.0,0.0,0.0,0.08025343189017951,0.8260869565217391,0.14629451395572665,0.7088607161447632,0.21690671552335736
search_32,0.0,0.2,0.4,0.2,0.19999999999999996,0.12706611570247933,0.8913043478260869,0.2224231464737794,0.7548349131987251,0.21581595926403585
search_121,0.6,0.4,0.0,0.0,0.0,0.08039492242595205,0.8260869565217391,0.14652956298200515,0.709296777257244,0.21575139073456182
search_111,0.4,0.6,0.0,0.0,0.0,0.08065086664308455,0.8260869565217391,0.14695456010312602,0.708844734847447,0.2124738282252216
search_120,0.6,0.2,0.2,0.0,0.0,0.08086727219455025,1.0,0.149634047167254,0.7133463238450087,0.21046621947940475
search_42,0.0,0.4,0.2,0.2,0.19999999999999996,0.13472378804960541,0.8659420289855072,0.23317073170731709,0.7351071431832918,0.2098284780723562
search_20,0.0,0.0,0.8,0.2,0.0,0.08,1.0,0.14814814814814814,0.7972281581326539,0.20889738790979184
search_91,0.2,0.8,0.0,0.0,0.0,0.08093716719914804,0.8260869565217391,0.14742967992240544,0.7078190780161274,0.20736398763734953
search_126,1.0,0.0,0.0,0.0,0.0,0.0779580530273051,0.7137681159420289,0.14056368176953266,0.6490615553911766,0.20238894525071538
search_110,0.4,0.4,0.2,0.0,0.0,0.08093841642228738,1.0,0.149755832881172,0.715292617553857,0.20180784556304998
search_124,0.8,0.0,0.2,0.0,0.0,0.08060747663551401,1.0,0.1491891891891892,0.6668835557016702,0.20145257866495564
search_17,0.0,0.0,0.6,0.2,0.19999999999999996,0.11753731343283583,0.9130434782608695,0.20826446280991737,0.7895656968302239,0.19691007155429138
search_38,0.0,0.4,0.0,0.2,0.3999999999999999,0.15247252747252749,0.8043478260869565,0.25635103926096997,0.7536671369734163,0.1964038950057031
search_48,0.0,0.6,0.0,0.2,0.19999999999999996,0.1437951411687459,0.7934782608695652,0.2434685936631462,0.7331625617562989,0.1959246388877756
search_51,0.0,0.6,0.2,0.2,0.0,0.12847033206314643,0.855072463768116,0.22337908187411262,0.7124639279289151,0.1930268132085005
search_115,0.6,0.0,0.2,0.0,0.19999999999999996,0.0888814913448735,0.967391304347826,0.1628048780487805,0.6878304703980714,0.19261536165675486
search_54,0.0,0.8,0.0,0.2,0.0,0.13319810682893848,0.7137681159420289,0.2245014245014245,0.7218358172835446,0.1924098404647853
search_45,0.0,0.4,0.4,0.2,0.0,0.11350884764782046,0.9528985507246377,0.20285383725414577,0.7151071203528669,0.18985421759286572
search_122,0.8,0.0,0.0,0.0,0.19999999999999996,0.0945440956651719,0.9166666666666666,0.1714092140921409,0.6905632722391167,0.188953567052954
search_105,0.4,0.2,0.2,0.0,0.19999999999999996,0.08669225847728727,0.9818840579710145,0.1593180482069371,0.7138417440618066,0.18866950791505008
search_117,0.6,0.0,0.4,0.0,0.0,0.08023255813953488,1.0,0.14854682454251883,0.6643607937682072,0.18639630510812177
search_7,0.0,0.0,0.2,0.0,0.8,0.1282346175963197,0.8079710144927537,0.22133995037220844,0.7405967188113568,0.18441625232078218
search_118,0.6,0.2,0.0,0.0,0.19999999999999996,0.09156876295784382,0.9601449275362319,0.167192429022082,0.7160465923308038,0.18345296568106295
search_107,0.4,0.2,0.4,0.0,0.0,0.08018593840790238,1.0,0.14846691769768694,0.6984254997579974,0.1832168110664302
search_70,0.2,0.0,0.6,0.2,0.0,0.08063102541630149,1.0,0.1492295214922952,0.7324331296859447,0.1818600622479164
search_90,0.2,0.6,0.2,0.0,0.0,0.08103347034644745,1.0,0.1499185225420967,0.6939724254130024,0.17903163059440114
search_108,0.4,0.4,0.0,0.0,0.19999999999999996,0.09191814082552896,0.9601449275362319,0.16777461221905665,0.7169078701040154,0.1769156847750497
search_12,0.0,0.0,0.4,0.0,0.6,0.11894953656024716,0.8369565217391305,0.20829576194770064,0.7320724089750966,0.1749806462482186
search_85,0.2,0.4,0.2,0.0,0.19999999999999996,0.08733483725427006,0.9818840579710145,0.16040248594258658,0.7028226395623864,0.17174280305421996
search_99,0.4,0.0,0.4,0.0,0.19999999999999996,0.08629441624365482,0.9855072463768116,0.15869311551925322,0.6885753130051231,0.1706027787950437
search_35,0.0,0.2,0.6,0.2,0.0,0.08110490743461651,1.0,0.15004077194889917,0.7246256951864333,0.16494256962449488
search_87,0.2,0.4,0.4,0.0,0.0,0.0804899387576553,1.0,0.14898785425101216,0.6774158013935692,0.1644659480357799
search_88,0.2,0.6,0.0,0.0,0.19999999999999996,0.095016134815346,0.9601449275362319,0.1729200652528548,0.7008261189191164,0.16206570295365838
search_79,0.2,0.2,0.4,0.0,0.19999999999999996,0.08498759305210918,0.9927536231884058,0.15657142857142858,0.7050925545418847,0.16006844058069963
search_53,0.0,0.8,0.0,0.0,0.19999999999999996,0.13717085119412126,0.8115942028985508,0.23467784180199058,0.6961019332803666,0.15399782084121327
search_96,0.4,0.0,0.2,0.0,0.3999999999999999,0.09167249825052484,0.9492753623188406,0.16719846841097638,0.6918189455996638,0.1529969146663624
search_66,0.2,0.0,0.4,0.0,0.3999999999999999,0.09493219129193434,0.9637681159420289,0.1728395061728395,0.7068516387678877,0.15269141098364944
search_112,0.6,0.0,0.0,0.0,0.4,0.09742010011551791,0.9166666666666666,0.17612252001392273,0.6894565673999798,0.15227534012352012
search_101,0.4,0.0,0.6,0.0,0.0,0.08002319512902291,1.0,0.14818791946308724,0.6473235893080556,0.15178532101901415
search_22,0.0,0.2,0.0,0.0,0.8,0.16822429906542055,0.782608695652174,0.27692307692307694,0.7458117585819566,0.15117597983468214
search_76,0.2,0.2,0.2,0.0,0.3999999999999999,0.0936408106219427,0.9710144927536232,0.17080943275971958,0.7085844680054427,0.14988545329304284
search_16,0.0,0.0,0.6,0.0,0.4,0.1132420091324201,0.8985507246376812,0.20113544201135442,0.7147880651671643,0.14825909292603748
search_50,0.0,0.6,0.2,0.0,0.19999999999999996,0.10195921631347461,0.9239130434782609,0.1836514223982715,0.654909568687616,0.14632323180411191
search_47,0.0,0.6,0.0,0.0,0.4,0.14008755472170106,0.8115942028985508,0.23893333333333333,0.7054001945152187,0.14555002995185073
search_102,0.4,0.2,0.0,0.0,0.3999999999999999,0.09691629955947137,0.9565217391304348,0.176,0.7029932969872972,0.1445154645938049
search_81,0.2,0.2,0.6,0.0,0.0,0.08,1.0,0.14814814814814814,0.6716693834872104,0.14431163387213383
search_37,0.0,0.4,0.0,0.0,0.6,0.14807436918990705,0.8079710144927537,0.250280583613917,0.7223706199830141,0.14363933636372994
search_69,0.2,0.0,0.6,0.0,0.19999999999999996,0.08044301952783445,1.0,0.14890747234960885,0.6835703131421056,0.1424418696205582
search_71,0.2,0.0,0.8,0.0,0.0,0.08,1.0,0.14814814814814814,0.638588098042976,0.14187908874309338
search_19,0.0,0.0,0.8,0.0,0.19999999999999996,0.08,1.0,0.14814814814814814,0.7042061633014622,0.1407875966916909
search_44,0.0,0.4,0.4,0.0,0.19999999999999996,0.09407170749023784,0.9601449275362319,0.1713546718396379,0.6567959325315289,0.14043006455853108
search_31,0.0,0.2,0.4,0.0,0.3999999999999999,0.10511129431162407,0.9239130434782609,0.18874907475943745,0.6896917207747733,0.13862494959502047
search_27,0.0,0.2,0.2,0.0,0.6,0.11553030303030302,0.8840579710144928,0.20435510887772193,0.703845442590614,0.13818060418105915
search_41,0.0,0.4,0.2,0.0,0.3999999999999999,0.10508474576271186,0.8985507246376812,0.18816388467374812,0.6774763020191228,0.13759321730892562
search_62,0.2,0.0,0.2,0.0,0.6,0.10478919361440851,0.927536231884058,0.1883045237219566,0.7031605298484973,0.13718081007031324
search_55,0.0,0.8,0.2,0.0,0.0,0.08120035304501325,1.0,0.15020408163265306,0.534614348465339,0.13550646365937408
search_82,0.2,0.4,0.0,0.0,0.3999999999999999,0.1021671826625387,0.9565217391304348,0.18461538461538463,0.6921208779668138,0.13412403858587052
search_52,0.0,0.6,0.4,0.0,0.0,0.08103347034644745,1.0,0.1499185225420967,0.5337673397075879,0.13353015073095778
search_92,0.4,0.0,0.0,0.0,0.6,0.10510887772194305,0.9094202898550725,0.18843843843843844,0.6897373816242477,0.13177351254013406
search_56,0.0,1.0,0.0,0.0,0.0,0.08094435075885328,0.34782608695652173,0.13132694938440492,0.5314865802763393,0.13157168688102583
search_34,0.0,0.2,0.6,0.0,0.19999999999999996,0.08077260755048288,1.0,0.14947197400487408,0.6601417312767687,0.1267852790575136
search_72,0.2,0.2,0.0,0.0,0.6,0.11130210571551354,0.9384057971014492,0.1990011525163273,0.691136315900021,0.12423833958535208
search_57,0.2,0.0,0.0,0.0,0.8,0.12738853503184713,0.8695652173913043,0.2222222222222222,0.6931876295626604,0.12224174345270807
search_46,0.0,0.4,0.6,0.0,0.0,0.0804899387576553,1.0,0.14898785425101216,0.5260523684282623,0.11430736059240773
search_36,0.0,0.2,0.8,0.0,0.0,0.08,1.0,0.14814814814814814,0.5213350319169339,0.10715545470891882
search_21,0.0,0.0,1.0,0.0,0.0,0.08,1.0,0.14814814814814814,0.42509908404335955,0.07902766710509024
