Victim_ID,Split
V0001,train
V0002,test
V0003,train
V0004,train
V0005,validation
V0006,train
V0007,train
V0008,train
V0009,train
V0010,train
V0011,train
V0012,train
V0013,train
V0014,test
V0015,test
V0016,train
V0017,train
V0018,train
V0019,train
V0020,train
V0021,test
V0022,test
V0023,train
V0024,train
V0025,train
V0026,train
V0027,train
V0028,test
V0029,train
V0030,train
V0031,train
V0032,train
V0033,test
V0034,train
V0035,test
V0036,validation
V0037,train
V0038,train
V0039,train
V0040,train
V0041,test
V0042,train
V0043,train
V0044,train
V0045,train
V0046,train
V0047,train
V0048,validation
V0049,train
V0050,train
V0051,train
V0052,train
V0053,test
V0054,train
V0055,train
V0056,train
V0057,train
V0058,train
V0059,test
V0060,train
V0061,train
V0062,train
V0063,test
V0064,train
V0065,test
V0066,train
V0067,train
V0068,train
V0069,train
V0070,train
V0071,train
V0072,test
V0073,train
V0074,train
V0075,train
V0076,train
V0077,train
V0078,train
V0079,train
V0080,train
V0081,test
V0082,train
V0083,train
V0084,train
V0085,train
V0086,validation
V0087,train
V0088,test
V0089,train
V0090,train
V0091,train
V0092,test
V0093,train
V0094,train
V0095,train
V0096,validation
V0097,train
V0098,train
V0099,validation
V0100,test
V0101,train
V0102,train
V0103,test
V0104,train
V0105,train
V0106,test
V0107,test
V0108,train
V0109,train
V0110,train
V0111,train
V0112,train
V0113,validation
V0114,train
V0115,train
V0116,train
V0117,train
V0118,train
V0119,train
V0120,train
V0121,train
V0122,test
V0123,validation
V0124,validation
V0125,train
V0126,train
V0127,train
V0128,train
V0129,test
V0130,validation
V0131,test
V0132,train
V0133,train
V0134,train
V0135,test
V0136,train
V0137,train
V0138,train
V0139,test
V0140,train
V0141,train
V0142,train
V0143,train
V0144,validation
V0145,train
V0146,train
V0147,validation
V0148,validation
V0149,train
V0150,train
V0151,train
V0152,train
V0153,train
V0154,train
V0155,train
V0156,train
V0157,test
V0158,train
V0159,train
V0160,validation
V0161,test
V0162,test
V0163,train
V0164,train
V0165,train
V0166,train
V0167,test
V0168,train
V0169,train
V0170,train
V0171,validation
V0172,train
V0173,train
V0174,train
V0175,train
V0176,train
V0177,train
V0178,train
V0179,train
V0180,train
V0181,train
V0182,train
V0183,train
V0184,validation
V0185,train
V0186,train
V0187,validation
V0188,test
V0189,train
V0190,test
V0191,train
V0192,test
V0193,train
V0194,train
V0195,train
V0196,train
V0197,train
V0198,validation
V0199,train
V0200,train
V0201,test
V0202,test
V0203,validation
V0204,train
V0205,train
V0206,test
V0207,validation
V0208,train
V0209,train
V0210,train
V0211,train
V0212,train
V0213,train
V0214,train
V0215,test
V0216,train
V0217,test
V0218,validation
V0219,train
V0220,validation
V0221,train
V0222,train
V0223,train
V0224,train
V0225,validation
V0226,train
V0227,train
V0228,train
V0229,train
V0230,train
V0231,test
V0232,train
V0233,validation
V0234,validation
V0235,train
V0236,train
V0237,train
V0238,train
V0239,train
V0240,train
V0241,validation
V0242,test
V0243,validation
V0244,test
V0245,train
V0246,train
V0247,validation
V0248,train
V0249,train
V0250,train
V0251,train
V0252,test
V0253,test
V0254,train
V0255,train
V0256,train
V0257,train
V0258,train
V0259,validation
V0260,train
V0261,train
V0262,train
V0263,train
V0264,train
V0265,train
V0266,train
V0267,train
V0268,validation
V0269,train
V0270,test
V0271,test
V0272,train
V0273,train
V0274,test
V0275,train
V0276,train
V0277,test
V0278,train
V0279,train
V0280,validation
V0281,train
V0282,train
V0283,validation
V0284,train
V0285,train
V0286,train
V0287,train
V0288,train
V0289,test
V0290,train
V0291,train
V0292,train
V0293,train
V0294,validation
V0295,train
V0296,test
V0297,train
V0298,train
V0299,train
V0300,train
V0301,train
V0302,train
V0303,train
V0304,train
V0305,train
V0306,train
V0307,train
V0308,train
V0309,test
V0310,train
V0311,train
V0312,train
V0313,train
V0314,test
V0315,train
V0316,test
V0317,train
V0318,validation
V0319,train
V0320,train
V0321,train
V0322,train
V0323,train
V0324,train
V0325,train
V0326,validation
V0327,train
V0328,train
V0329,train
V0330,train
V0331,test
V0332,train
V0333,train
V0334,train
V0335,train
V0336,train
V0337,train
V0338,test
V0339,train
V0340,test
V0341,train
V0342,train
V0343,train
V0344,test
V0345,train
V0346,test
V0347,train
V0348,validation
V0349,validation
V0350,train
V0351,train
V0352,train
V0353,train
V0354,train
V0355,train
V0356,train
V0357,train
V0358,train
V0359,validation
V0360,train
V0361,train
V0362,train
V0363,train
V0364,train
V0365,train
V0366,train
V0367,test
V0368,train
V0369,train
V0370,train
V0371,train
V0372,train
V0373,test
V0374,validation
V0375,train
V0376,train
V0377,validation
V0378,train
V0379,test
V0380,test
V0381,train
V0382,train
V0383,train
V0384,train
V0385,validation
V0386,test
V0387,validation
V0388,test
V0389,train
V0390,test
V0391,train
V0392,test
V0393,validation
V0394,train
V0395,train
V0396,train
V0397,train
V0398,validation
V0399,train
V0400,train
V0401,validation
V0402,test
V0403,validation
V0404,train
V0405,train
V0406,train
V0407,validation
V0408,train
V0409,train
V0410,train
V0411,validation
V0412,train
V0413,train
V0414,test
V0415,train
V0416,validation
V0417,train
V0418,train
V0419,test
V0420,train
V0421,train
V0422,train
V0423,train
V0424,train
V0425,train
V0426,train
V0427,train
V0428,test
V0429,train
V0430,train
V0431,train
V0432,train
V0433,train
V0434,train
V0435,train
V0436,test
V0437,train
V0438,train
V0439,validation
V0440,train
V0441,train
V0442,validation
V0443,train
V0444,train
V0445,train
V0446,train
V0447,train
V0448,train
V0449,train
V0450,train
V0451,train
V0452,train
V0453,train
V0454,train
V0455,test
V0456,test
V0457,train
V0458,train
V0459,test
V0460,test
V0461,validation
V0462,test
V0463,train
V0464,validation
V0465,train
V0466,train
V0467,test
V0468,train
V0469,train
V0470,train
V0471,train
V0472,test
V0473,validation
V0474,train
V0475,test
V0476,test
V0477,test
V0478,train
V0479,train
V0480,train
V0481,train
V0482,train
V0483,train
V0484,train
V0485,test
V0486,train
V0487,train
V0488,train
V0489,validation
V0490,test
V0491,train
V0492,test
V0493,test
V0494,train
V0495,train
V0496,train
V0497,validation
V0498,train
V0499,test
V0500,train
V0501,train
V0502,train
V0503,validation
V0504,train
V0505,test
V0506,validation
V0507,train
V0508,train
V0509,test
V0510,validation
V0511,test
V0512,train
V0513,train
V0514,train
V0515,train
V0516,train
V0517,train
V0518,train
V0519,train
V0520,train
V0521,test
V0522,train
V0523,train
V0524,train
V0525,validation
V0526,train
V0527,train
V0528,train
V0529,train
V0530,train
V0531,train
V0532,train
V0533,train
V0534,train
V0535,train
V0536,train
V0537,train
V0538,train
V0539,train
V0540,train
V0541,validation
V0542,train
V0543,train
V0544,train
V0545,train
V0546,train
V0547,validation
V0548,train
V0549,train
V0550,train
V0551,validation
V0552,train
V0553,train
V0554,validation
V0555,train
V0556,test
V0557,validation
V0558,train
V0559,train
V0560,train
V0561,test
V0562,test
V0563,test
V0564,validation
V0565,test
V0566,test
V0567,test
V0568,train
V0569,train
V0570,train
V0571,train
V0572,train
V0573,train
V0574,validation
V0575,validation
V0576,train
V0577,train
V0578,validation
V0579,train
V0580,train
V0581,train
V0582,train
V0583,train
V0584,train
V0585,train
V0586,train
V0587,train
V0588,train
V0589,train
V0590,train
V0591,train
V0592,train
V0593,test
V0594,train
V0595,train
V0596,train
V0597,train
V0598,train
V0599,train
V0600,train
V0601,test
V0602,train
V0603,train
V0604,train
V0605,train
V0606,train
V0607,train
V0608,validation
V0609,validation
V0610,validation
V0611,train
V0612,train
V0613,validation
V0614,train
V0615,test
V0616,train
V0617,train
V0618,train
V0619,train
V0620,validation
V0621,train
V0622,train
V0623,train
V0624,train
V0625,validation
V0626,train
V0627,train
V0628,validation
V0629,train
V0630,train
V0631,train
V0632,train
V0633,validation
V0634,train
V0635,train
V0636,train
V0637,train
V0638,validation
V0639,train
V0640,validation
V0641,validation
V0642,validation
V0643,validation
V0644,train
V0645,train
V0646,validation
V0647,test
V0648,test
V0649,validation
V0650,train
V0651,train
V0652,train
V0653,train
V0654,train
V0655,validation
V0656,train
V0657,train
V0658,train
V0659,train
V0660,validation
V0661,train
V0662,test
V0663,train
V0664,test
V0665,train
V0666,train
V0667,train
V0668,train
V0669,train
V0670,train
V0671,train
V0672,validation
V0673,train
V0674,train
V0675,test
V0676,train
V0677,validation
V0678,train
V0679,train
V0680,train
V0681,train
V0682,test
V0683,train
V0684,validation
V0685,train
V0686,train
V0687,test
V0688,train
V0689,train
V0690,train
V0691,validation
V0692,validation
V0693,train
V0694,train
V0695,train
V0696,train
V0697,train
V0698,train
V0699,validation
V0700,test
V0701,test
V0702,test
V0703,test
V0704,train
V0705,train
V0706,train
V0707,train
V0708,train
V0709,train
V0710,validation
V0711,train
V0712,train
V0713,train
V0714,train
V0715,train
V0716,train
V0717,train
V0718,train
V0719,train
V0720,test
V0721,validation
V0722,train
V0723,train
V0724,train
V0725,test
V0726,validation
V0727,test
V0728,validation
V0729,train
V0730,test
V0731,train
V0732,train
V0733,train
V0734,validation
V0735,train
V0736,validation
V0737,train
V0738,train
V0739,validation
V0740,validation
V0741,train
V0742,train
V0743,validation
V0744,train
V0745,validation
V0746,train
V0747,train
V0748,test
V0749,test
V0750,train
V0751,train
V0752,train
V0753,validation
V0754,train
V0755,train
V0756,train
V0757,train
V0758,train
V0759,train
V0760,train
V0761,validation
V0762,train
V0763,train
V0764,test
V0765,train
V0766,validation
V0767,validation
V0768,train
V0769,validation
V0770,test
V0771,validation
V0772,test
V0773,test
V0774,train
V0775,train
V0776,test
V0777,test
V0778,train
V0779,train
V0780,test
V0781,train
V0782,train
V0783,test
V0784,train
V0785,validation
V0786,validation
V0787,train
V0788,train
V0789,validation
V0790,train
V0791,train
V0792,test
V0793,train
V0794,train
V0795,validation
V0796,validation
V0797,train
V0798,train
V0799,train
V0800,train
V0801,train
V0802,train
V0803,train
V0804,validation
V0805,validation
V0806,test
V0807,validation
V0808,train
V0809,train
V0810,train
V0811,train
V0812,train
V0813,test
V0814,train
V0815,validation
V0816,test
V0817,train
V0818,train
V0819,test
V0820,validation
V0821,train
V0822,test
V0823,train
V0824,train
V0825,train
V0826,train
V0827,train
V0828,train
V0829,train
V0830,train
V0831,train
V0832,test
V0833,train
V0834,train
V0835,train
V0836,validation
V0837,train
V0838,train
V0839,test
V0840,test
V0841,test
V0842,train
V0843,validation
V0844,train
V0845,train
V0846,train
V0847,validation
V0848,validation
V0849,validation
V0850,train
V0851,train
V0852,train
V0853,train
V0854,validation
V0855,train
V0856,validation
V0857,test
V0858,validation
V0859,train
V0860,train
V0861,test
V0862,train
V0863,test
V0864,train
V0865,train
V0866,train
V0867,train
V0868,train
V0869,train
V0870,validation
V0871,train
V0872,test
V0873,train
V0874,train
V0875,validation
V0876,test
V0877,train
V0878,train
V0879,test
V0880,train
V0881,test
V0882,train
V0883,train
V0884,train
V0885,train
V0886,train
V0887,validation
V0888,validation
V0889,validation
V0890,validation
V0891,validation
V0892,train
V0893,train
V0894,train
V0895,train
V0896,train
V0897,train
V0898,test
V0899,validation
V0900,train
V0901,train
V0902,train
V0903,train
V0904,train
V0905,train
V0906,validation
V0907,validation
V0908,train
V0909,train
V0910,train
V0911,train
V0912,train
V0913,train
V0914,validation
V0915,train
V0916,validation
V0917,train
V0918,train
V0919,train
V0920,validation
V0921,train
V0922,train
V0923,train
V0924,train
V0925,train
V0926,train
V0927,train
V0928,train
V0929,validation
V0930,validation
V0931,train
V0932,validation
V0933,validation
V0934,train
V0935,train
V0936,train
V0937,train
V0938,test
V0939,train
V0940,train
V0941,train
V0942,train
V0943,train
V0944,train
V0945,validation
V0946,train
V0947,train
V0948,train
V0949,train
V0950,train
V0951,train
V0952,train
V0953,train
V0954,validation
V0955,train
V0956,test
V0957,train
V0958,validation
V0959,validation
V0960,train
V0961,train
V0962,train
V0963,test
V0964,train
V0965,train
V0966,train
V0967,train
V0968,train
V0969,train
V0970,train
V0971,train
V0972,train
V0973,validation
V0974,train
V0975,train
V0976,train
V0977,test
V0978,train
V0979,train
V0980,train
V0981,test
V0982,validation
V0983,test
V0984,train
V0985,train
V0986,train
V0987,train
V0988,validation
V0989,train
V0990,train
V0991,train
V0992,train
V0993,test
V0994,train
V0995,train
V0996,train
V0997,test
V0998,train
V0999,train
V1000,train
